{"commitInfo":{"timestamp":1620321015038,"userId":"101418","userName":"niall.turbitt@databricks.com","operation":"WRITE","operationParameters":{"mode":"ErrorIfExists","partitionBy":"[]"},"notebook":{"notebookId":"9883103"},"clusterId":"0804-220509-stead130","isolationLevel":"WriteSerializable","isBlindAppend":true,"operationMetrics":{"numFiles":"1","numOutputBytes":"187340","numOutputRows":"22031"}}}
{"protocol":{"minReaderVersion":1,"minWriterVersion":2}}
{"metaData":{"id":"26276010-64ae-486d-9432-dd714a120bed","format":{"provider":"parquet","options":{}},"schemaString":"{\"type\":\"struct\",\"fields\":[{\"name\":\"price\",\"type\":\"double\",\"nullable\":true,\"metadata\":{}},{\"name\":\"accommodates\",\"type\":\"integer\",\"nullable\":true,\"metadata\":{}},{\"name\":\"bedrooms\",\"type\":\"integer\",\"nullable\":true,\"metadata\":{}},{\"name\":\"beds\",\"type\":\"integer\",\"nullable\":true,\"metadata\":{}},{\"name\":\"minimum_nights\",\"type\":\"integer\",\"nullable\":true,\"metadata\":{}},{\"name\":\"number_of_reviews\",\"type\":\"integer\",\"nullable\":true,\"metadata\":{}},{\"name\":\"number_of_reviews_ltm\",\"type\":\"integer\",\"nullable\":true,\"metadata\":{}},{\"name\":\"review_scores_rating\",\"type\":\"integer\",\"nullable\":true,\"metadata\":{}},{\"name\":\"host_is_superhost\",\"type\":\"string\",\"nullable\":true,\"metadata\":{}},{\"name\":\"neighbourhood_cleansed\",\"type\":\"string\",\"nullable\":true,\"metadata\":{}},{\"name\":\"property_type\",\"type\":\"string\",\"nullable\":true,\"metadata\":{}},{\"name\":\"room_type\",\"type\":\"string\",\"nullable\":true,\"metadata\":{}}]}","partitionColumns":[],"configuration":{},"createdTime":1620321013822}}
{"add":{"path":"part-00000-0d36c3a6-daef-406b-bd17-e092db30abd3-c000.snappy.parquet","partitionValues":{},"size":187340,"modificationTime":1620321015000,"dataChange":true,"stats":"{\"numRecords\":22031,\"minValues\":{\"price\":0.0,\"accommodates\":0,\"bedrooms\":1,\"beds\":0,\"minimum_nights\":1,\"number_of_reviews\":0,\"number_of_reviews_ltm\":0,\"review_scores_rating\":20,\"host_is_superhost\":\"f\",\"neighbourhood_cleansed\":\"Central Oahu\",\"property_type\":\"Barn\",\"room_type\":\"Entire home/apt\"},\"maxValues\":{\"price\":25000.0,\"accommodates\":16,\"bedrooms\":17,\"beds\":38,\"minimum_nights\":365,\"number_of_reviews\":739,\"number_of_reviews_ltm\":105,\"review_scores_rating\":100,\"host_is_superhost\":\"t\",\"neighbourhood_cleansed\":\"Waimea-Kekaha\",\"property_type\":\"Yurt\",\"room_type\":\"Shared room\"},\"nullCount\":{\"price\":0,\"accommodates\":0,\"bedrooms\":3130,\"beds\":39,\"minimum_nights\":0,\"number_of_reviews\":0,\"number_of_reviews_ltm\":0,\"review_scores_rating\":5872,\"host_is_superhost\":0,\"neighbourhood_cleansed\":0,\"property_type\":0,\"room_type\":0}}"}}
